Kmer,Frequency_Bicc1,Frequency_Control,NormalizedFrequency_Bicc1,NormalizedFrequency_Control,RelativeFrequency,RelativeFrequency_Zscore,Zscore
TGAC,54185,42870,0.004456988518514619,0.0032668773613324102,1.3642962454815923,3.5070431148865597,3.5070431148865597
CGAC,42315,35507,0.003480621374198507,0.00270578526869209,1.2863627481721613,2.71427774707335,2.71427774707335
GACA,62486,52501,0.005139787479337537,0.0040008007545442705,1.2846896895576616,2.6972588402657833,2.6972588402657833
GACG,74445,62896,0.0061234753208604005,0.004792944215497161,1.2776020428239485,2.6251609482967777,2.6251609482967777
ACGA,57427,48599,0.004723659308899862,0.0037034516651129885,1.275474809998836,2.6035220308704377,2.6035220308704377
ACGC,44335,39705,0.0036467765242843156,0.003025690824159164,1.2052707088133339,1.889382642548834,1.889382642548834
CGTG,67680,61099,0.0055670200781225325,0.004656005129462303,1.1956645070890284,1.7916651743718304,1.7916651743718304
CGCG,50291,45649,0.004136687451963066,0.0034786490475265503,1.1891649302491165,1.7255493242943643,1.7255493242943643
GACT,46421,42386,0.003818360506006591,0.003229994491192805,1.1821569716041553,1.654262045978932,1.654262045978932
AGAC,49652,45639,0.004084126491119089,0.0034778870047550707,1.1743125885157137,1.574466380968739,1.574466380968739
CAAC,33503,30815,0.0027557900957053665,0.0023482348003139313,1.17355815327196,1.5667920155911519,1.5667920155911519
GCGC,49366,45407,0.004060601554027732,0.0034602076124567475,1.1735138491140145,1.5663413390107104,1.5663413390107104
ACAA,41953,38686,0.0034508450552227336,0.0029480386657454076,1.170556239753454,1.5362555562148594,1.5362555562148594
CGCT,36205,33413,0.002978043172701334,0.0025462135123442927,1.1695967986437463,1.5264958032140095,1.5264958032140095
AACG,54674,50622,0.004497211225639352,0.0038576129177832815,1.1658015776822952,1.4878895575647062,1.4878895575647062
GGAC,73557,68304,0.006050432858842481,0.005205056946313249,1.1624143445977115,1.4534334998376,1.4534334998376
ACAC,33955,31609,0.002792969366912686,0.0024087409963693997,1.1595141906591115,1.4239321726390972,1.4239321726390972
CGCC,30476,28401,0.0025068041356510386,0.0021642776752787913,1.1582636388503729,1.411211145111128,1.411211145111128
CGCA,41752,39154,0.0034343117952389474,0.0029837022674506462,1.151023623470754,1.3375633087692287,1.3375633087692287
CTCG,37258,34994,0.003064657713810421,0.002666692474515194,1.1492355204428202,1.319374132053604,1.319374132053604
CGGC,46623,43908,0.0038349760210151717,0.0033459774010119775,1.1461452249663426,1.287938622104216,1.287938622104216
GCAC,42937,40561,0.003531783999620969,0.003090921685397805,1.142631344011689,1.2521942602618708,1.2521942602618708
CGAT,47661,45027,0.003920356736752334,0.003431249987140528,1.1425447727343845,1.2513136285327189,1.2513136285327189
CTGC,35358,33430,0.0029083731667000072,0.0025475089850558077,1.1416537424445214,1.2422497730679585,1.2422497730679585
TCGC,37195,35196,0.003059475647248339,0.002682085738499079,1.1407076229264956,1.2326255317135002,1.2326255317135002
GACC,34928,33157,0.002873003506038177,0.0025267052173944186,1.137055279048684,1.195472679119482,1.195472679119482
CCGC,27733,26337,0.0022811786026384778,0.0020069920472454324,1.136615666100602,1.1910007904898976,1.1910007904898976
ACGT,54132,51590,0.004452629002200487,0.003931378658062493,1.1325871633018638,1.1500215246640884,1.1500215246640884
GCGT,64703,61669,0.005322146869307953,0.004699441567436632,1.1325062335461664,1.1491982803627612,1.1491982803627612
CACG,44700,42696,0.003676799608334474,0.003253617817108668,1.1300649968784187,1.1243652117640042,1.1243652117640042
TGCC,34747,33279,0.0028581153465502902,0.0025360021392064683,1.1270161418099645,1.0933512473815823,1.0933512473815823
CCGT,36581,35083,0.003008971062024237,0.0026734746551813613,1.1254907751575884,1.0778347121692642,1.0778347121692642
GCCT,35320,33938,0.002905247475757799,0.002586220757846964,1.1233563364391312,1.0561224940072325,1.0561224940072325
ACCG,35064,33706,0.002884190189410291,0.0025685413655486405,1.122890301902624,1.051381836222032,1.051381836222032
TCGT,48528,46654,0.00399167184324956,0.003555234346060235,1.1227591361657965,1.0500475748685647,1.0500475748685647
CGTC,44303,42595,0.003644144363490877,0.0032459211851167255,1.1226841798254665,1.0492850941284066,1.0492850941284066
GCCG,41981,40570,0.0034531481959169923,0.0030916075238921364,1.1169426161732519,0.9908800054603262,0.9908800054603262
ACTC,27599,26695,0.002270156429315954,0.002034273178464397,1.1159545597654772,0.9808291681622175,0.9808291681622175
TGTC,49096,47556,0.004038392697333095,0.0036239706040476815,1.1143558098463981,0.9645661540361126,0.9645661540361126
GCTC,36060,34947,0.0029661161941060654,0.002663110873489241,1.113778710317015,0.958695706327859,0.958695706327859
CAGC,37952,36868,0.0031217427010181197,0.0028094992898904433,1.1111384552582864,0.9318381566859757,0.9318381566859757
ATCG,51819,50363,0.004262373129849757,0.0038378760100019637,1.110607304337478,0.9264351134550645,0.9264351134550645
ACGG,69450,67857,0.005712611472009602,0.005170993634428117,1.1047415401897676,0.8667666161771618,0.8667666161771618
TGCG,57445,56136,0.004725139899346171,0.004277803301977051,1.1045715676460337,0.865037599120269,0.865037599120269
GTCG,64328,62937,0.005291301235009844,0.004796068590860227,1.1032580403652634,0.8516759642158578,0.8516759642158578
ACCT,25763,25273,0.002119136203792417,0.0019259106963600188,1.1003294222300108,0.8218850897737712,0.8218850897737712
CACT,28836,28305,0.002371905894987313,0.0021569620646725886,1.0996511871187458,0.8149858574024705,0.8149858574024705
ACTG,43178,42410,0.003551607460596553,0.0032318233938443556,1.0989484968025447,0.807837858580217,0.807837858580217
CATG,49796,48928,0.004095971214689563,0.0037285228722946625,1.098550647261756,0.8037908011732422,0.8037908011732422
GCCA,38064,37424,0.003130955263795155,0.002851868867984701,1.0978608795598912,0.7967742554675686,0.7967742554675686
CACC,24697,24286,0.0020314523473609954,0.001850697074814997,1.09766875141577,0.7948198642994573,0.7948198642994573
GCGA,57660,56722,0.004742824729677087,0.004322459008385748,1.0972515229122617,0.790575677660013,0.790575677660013
GTGC,59811,58892,0.004919755288011034,0.004487822289796788,1.0962455664067314,0.7803427546340592,0.7803427546340592
CTTG,42025,41421,0.00345676741700797,0.0031564573637450377,1.0951414889085098,0.7691117123455717,0.7691117123455717
CATC,33899,33505,0.0027883630855241683,0.0025532243058419037,1.0920948383360818,0.7381201728274683,0.7381201728274683
CCTC,23680,23406,0.0019477989871445266,0.0017836373109248052,1.0920375881431885,0.7375378048882213,0.7375378048882213
CCTG,33752,33390,0.00277627159687931,0.00254446081396989,1.0911040883933862,0.7280419359992989,0.7280419359992989
TCGA,47797,47356,0.003931543420124448,0.0036087297486180926,1.0894535457053751,0.711252068659492,0.711252068659492
CCTT,26984,26775,0.002219569589067057,0.0020403695206362327,1.087827261982891,0.6947089715583215,0.6947089715583215
CTGA,41683,41395,0.0034286361985280955,0.003154476052539191,1.0869114684729402,0.6853932164103835,0.6853932164103835
ACCA,27726,27536,0.002280602817464913,0.0020983609755458187,1.0868496145529443,0.6847640178330175,0.6847640178330175
ACAT,37654,37457,0.0030972307036292233,0.002854383609130583,1.0850786466548583,0.6667491453381116,0.6667491453381116
CACA,33969,33805,0.0027941209372598155,0.0025760855889862874,1.0846382391973735,0.6622691746955209,0.6622691746955209
CGGA,59472,59226,0.004891870834605545,0.004513274518364202,1.0838850627633796,0.6546076143480793,0.6546076143480793
CTAC,26601,26542,0.0021880659145705893,0.0020226139240607614,1.081801073621432,0.6334085860011912,0.6334085860011912
TCGG,65280,65172,0.005369608018614641,0.004966385150285884,1.081190414381282,0.6271967577907371,0.6271967577907371
TACG,48404,48334,0.003981472220174986,0.003683257531668783,1.0809649300767437,0.6249030567020545,0.6249030567020545
CGAG,58528,58451,0.004814222091199107,0.004454216203574545,1.0808236221976955,0.6234656261160285,0.6234656261160285
TGCT,39973,39951,0.0032879801061287232,0.0030444370763375583,1.0799960793028267,0.6150475854777773,0.6150475854777773
CGTT,45828,45817,0.003769583276303183,0.0034914513660874048,1.0796608289942926,0.6116373082115167,0.6116373082115167
CTCA,29036,29053,0.002388356899946304,0.0022139628639792517,1.0787700818312762,0.6025763328068904,0.6025763328068904
GGCC,46873,46955,0.0038555397772139103,0.0035781718334817665,1.0775166639949343,0.589826151096118,0.589826151096118
CCAC,24695,24754,0.0020312878373114057,0.0018863606765202354,1.07682897687335,0.5828307697427251,0.5828307697427251
GCTT,40847,40977,0.0033598709977995136,0.0031226226646913504,1.0759772660945615,0.5741668853781368,0.5741668853781368
ACTT,29172,29298,0.002399543583318418,0.002232632911880498,1.0747595677505868,0.5617800541839233,0.5617800541839233
ATGC,44523,44724,0.003662240468945767,0.0034081600911647007,1.074550599439194,0.5596543592521933,0.5596543592521933
GCAT,50970,51248,0.00419253861379884,0.0039053167952778954,1.0735463557958316,0.549438860027986,0.549438860027986
TGCA,47058,47516,0.003870756956800977,0.0036209224329617636,1.0689974801903888,0.5031661895206275,0.5031661895206275
CGAA,46992,47454,0.00386532812516451,0.0036161977677785914,1.0688929017117772,0.5021023825708039,0.5021023825708039
CGGT,60407,61144,0.004968779282788827,0.004659434321933961,1.0663910980349365,0.47665320627896735,0.47665320627896735
CCAT,28659,29011,0.002357346755598606,0.0022107622843390382,1.0663049448138169,0.47577682715590564,0.47577682715590564
GCTG,54797,55517,0.004507328593689131,0.0042306328544224735,1.0654029193238583,0.46660112487111494,0.46660112487111494
TCCA,30031,30480,0.0024702006496172837,0.0023227063674693695,1.0635010452520572,0.44725463138475957,0.44725463138475957
GGCG,79243,80450,0.006518134929826593,0.006130634096552191,1.0632073007737208,0.44426656518150853,0.44426656518150853
AGCG,57140,58043,0.00470005211678371,0.004423124858498183,1.0626089624744517,0.43818006966580647,0.43818006966580647
CCAA,27712,28174,0.0022794512471177837,0.002146979304366208,1.0617015462059527,0.42894953059478186,0.42894953059478186
TGGC,57909,58878,0.00476330623085103,0.004486755429916717,1.0616371463196617,0.428294433604332,0.428294433604332
TTCG,44926,45682,0.003695389243938134,0.0034811637886724323,1.0615384590529129,0.42729055401437926,0.42729055401437926
ACAG,51195,52070,0.004211045994377704,0.003967956711093506,1.061263088532336,0.42448939380000694,0.42448939380000694
CTCC,22676,23072,0.001865214942250392,0.0017581850823573915,1.0608751950900948,0.42054361312767624,0.42054361312767624
TTGC,39175,39887,0.0032223405963423494,0.00303956000260009,1.0601338988491444,0.41300290204188733,0.41300290204188733
CGTA,45934,46812,0.003778302308931448,0.0035672746218496105,1.0591565577231676,0.40306106414209864,0.40306106414209864
GAAC,48153,49081,0.003960826208951452,0.003740182126698298,1.0589928711433982,0.40139598999430637,0.40139598999430637
GCCC,26318,26865,0.002164787742553617,0.0020472279055795475,1.0574239129183762,0.38543602685541856,0.38543602685541856
CCTA,24788,25336,0.0020389375546173366,0.0019307115658203395,1.056054975125719,0.37151073785676997,0.37151073785676997
TAAC,31635,32352,0.002602137709388391,0.002465360774290323,1.0554794805386811,0.36565661615405426,0.36565661615405426
TCCT,27048,27667,0.002224833910653934,0.0021083437358522,1.055251984209609,0.363342448084875,0.363342448084875
ACTA,30223,30950,0.002485993614377915,0.0023585223777289038,1.05404707534374,0.35108571570137354,0.35108571570137354
GCTA,42142,43165,0.00346639125490898,0.003289357623091054,1.0538201229854616,0.3487770810834199,0.3487770810834199
CCGA,32743,33556,0.0026932762768612007,0.002557110723976449,1.0532497680323387,0.34297524144056063,0.34297524144056063
GATC,47982,49236,0.003946760599711515,0.0037519937896562296,1.051910216534002,0.32934887956862696,0.32934887956862696
AGCC,30592,31408,0.0025163457185272534,0.002393423936662663,1.0513581317466014,0.3237328901076394,0.3237328901076394
TCCG,35676,36665,0.002934530264584803,0.0027940298216294107,1.0502859496587105,0.3128262985056384,0.3128262985056384
ATCC,26874,27624,0.002210521536339612,0.002105066951934838,1.050095596393192,0.3108899619910062,0.3108899619910062
CAAG,50730,52149,0.00417279740784805,0.003973976848988194,1.0500306283642487,0.31022908566517127,0.31022908566517127
TCAC,32343,33278,0.002660374266943219,0.0025359259349293202,1.049074119358051,0.3004991589931506,0.3004991589931506
AACC,24409,25133,0.002007762900220049,0.0019152420975593065,1.0483076279383408,0.29270215419738643,0.29270215419738643
CTGT,39051,40295,0.003212140973267775,0.0030706513476764516,1.0460780497591782,0.27002214590449236,0.27002214590449236
GGCA,72787,75117,0.005987096489750366,0.005724236686522199,1.045920498683619,0.26841948413930683,0.26841948413930683
CCAG,35142,36285,0.002890606081344297,0.0027650721963131913,1.0453998579850776,0.2631233543731946,0.2631233543731946
CTTC,26916,27826,0.002213976247381,0.002120460215918723,1.044101761853504,0.24991869023348678,0.24991869023348678
AGCT,39119,40508,0.003217734314953832,0.0030868828587089637,1.0423895114373063,0.23250111142785762,0.23250111142785762
CCCT,21566,22339,0.0017739118647279925,0.0017023273472079477,1.0420509707709587,0.22905736355123898,0.22905736355123898
GTGT,79369,82300,0.0065284990629507576,0.006271612009275889,1.0409602911173277,0.2179626085790083,0.2179626085790083
GTAC,47040,48810,0.003869276366354668,0.003719530767591205,1.04025927142967,0.21083160394407224,0.21083160394407224
TATC,29939,31090,0.002462633187336148,0.002369190976529616,1.0394405566002138,0.2025033653135018,0.2025033653135018
GGCT,59140,61502,0.004864562166373619,0.004686715453152925,1.0379469833401236,0.18731024302630095,0.18731024302630095
GAGC,55516,57810,0.004566469956516704,0.004405369261922712,1.0365691693512384,0.17329466241736377,0.17329466241736377
CAAT,35267,36802,0.0029008879594436664,0.002804469807598679,1.0343801711053346,0.15102744665690293,0.15102744665690293
CTAG,40925,42711,0.00336628688973352,0.0032547608812658873,1.034265499843496,0.1498609725705644,0.1498609725705644
CAGT,46115,48208,0.0037931904684193347,0.003673655792748142,1.0325383439317195,0.132291770123076,0.132291770123076
GCAG,64111,67102,0.0052734518946293395,0.005113459405181419,1.0312885029038859,0.11957797289408031,0.11957797289408031
GCAA,49588,51908,0.004078862169532212,0.003955611618195539,1.0311584056356111,0.11825458035690452,0.11825458035690452
TCTC,26322,27556,0.0021651167626527967,0.002099885061088778,1.0310644152733752,0.11729847923657381,0.11729847923657381
AGGC,61957,64887,0.005096274571221007,0.00494466693129872,1.0306608396538586,0.11319317425871234,0.11319317425871234
TACC,23978,25122,0.0019723109845334232,0.001914403850510679,1.0302481286836616,0.1089949414655692,0.1089949414655692
CTCT,24064,25226,0.001979384916665789,0.0019223290953340655,1.029680568988011,0.1032215361082832,0.1032215361082832
GTTC,44821,47021,0.0036867524663346633,0.003583201315773531,1.028899060207779,0.095271769743378,0.095271769743378
TCTG,39223,41179,0.0032262888375325072,0.0031380159286752353,1.0281301659595266,0.08745032257920023,0.08745032257920023
CCGG,39888,41910,0.0032809884290211522,0.003193721255270383,1.0273246056169612,0.07925589574969472,0.07925589574969472
CATT,32528,34216,0.0026755914465302856,0.0026074055468940927,1.0261508608499414,0.06731617490987811,0.06731617490987811
CTAA,29699,31296,0.002442891981385359,0.0023848890576220927,1.024321015511346,0.048702381573577466,0.048702381573577466
GCGG,75599,79674,0.006218397619473778,0.006071499577485385,1.0241946886619455,0.0474173429869984,0.0474173429869984
GGGC,90473,95354,0.0074418588582739345,0.007266382643165166,1.0241490468815075,0.046953059667171254,0.046953059667171254
AAGC,40826,43032,0.0033581436422788196,0.0032792224542303777,1.024067043071942,0.046118889733873715,0.046118889733873715
CAGG,71470,75385,0.0058787666220954105,0.005744659432797849,1.0233446718411028,0.03877069012414452,0.03877069012414452
AGCA,46875,49462,0.0038557042872635005,0.003769215956291665,1.02294597390406,0.0347150025492486,0.0347150025492486
ACCC,19655,20760,0.0016167225123448342,0.0015820007935913422,1.021947978088348,0.02456305829891343,0.02456305829891343
AACA,36798,38924,0.0030268204024047423,0.0029661752837066187,1.0204455613365977,0.009279977083129885,0.009279977083129885
CTTA,27798,29448,0.00228652517925015,0.00224406355345269,1.0189217572435187,-0.006220663258065515,-0.006220663258065515
GTCT,43047,45625,0.003540832052348414,0.0034768201448749994,1.0184110494089753,-0.011415752639071878,-0.011415752639071878
GTCA,54524,57796,0.004484872971920109,0.00440430240204264,1.018293605325579,-0.012610432785420289,-0.012610432785420289
GTCC,40543,43013,0.0033348654702618475,0.0032777745729645666,1.0174175789171631,-0.021521663794656053,-0.021521663794656053
TTCC,25368,26921,0.0020866454689984102,0.0020514953450998324,1.0171339038046256,-0.024407301071234434,-0.024407301071234434
CTGG,55326,58808,0.004550841501805662,0.004481421130516361,1.015490704682178,-0.041122467227905246,-0.041122467227905246
AAAC,32458,34523,0.002669833594794639,0.002630800259978512,1.014837057533378,-0.04777158269465972,-0.04777158269465972
AACT,29096,30964,0.0023932922014340014,0.002359589237608975,1.0142834029278665,-0.053403540865831975,-0.053403540865831975
CTTT,26100,27791,0.002146856147148317,0.0021177930662185447,1.013723286468997,-0.05910123115131874,-0.05910123115131874
CCCG,24729,26355,0.002034084508154434,0.0020083637242340954,1.0128068355397863,-0.06842367378588589,-0.06842367378588589
TAGC,39016,41582,0.0032092620473999516,0.003168726252365857,1.0127924572227813,-0.06856993479254593,-0.06856993479254593
TCAG,48814,52071,0.004015196780340917,0.003968032915370654,1.0118859560835718,-0.07779116486509366,-0.07779116486509366
TCAT,33386,35701,0.002746166257804357,0.0027205688984587913,1.009408825984913,-0.10298935334093369,-0.10298935334093369
CAAA,35846,38418,0.002948513618799945,0.0029276159194697583,1.0071381287385444,-0.1260876384154832,-0.1260876384154832
CCCA,21253,22801,0.0017481660419671717,0.0017375337232502983,1.0061192013568427,-0.1364525054934025,-0.1364525054934025
ATCT,28052,30098,0.0023074179555480686,0.0022935963335988544,1.006026178951693,-0.13739876023339598,-0.13739876023339598
TCAA,36788,39512,0.0030259978521567925,0.0030109833986696104,1.0049865613652391,-0.14797409493238867,-0.14797409493238867
CTAT,26318,28314,0.002164787742553617,0.00215764790316692,1.0033090845713137,-0.16503794492559884,-0.16503794492559884
TTAC,27127,29199,0.0022313320576127353,0.002225088688442852,1.0028058967727047,-0.17015653800835956,-0.17015653800835956
TCTA,27678,29801,0.0022766545762747553,0.002270963663285915,1.0025059462997334,-0.1732077336461824,-0.1732077336461824
TACA,32142,34623,0.002643841006959433,0.0026384206876933066,1.002054380217457,-0.1778012135189825,-0.1778012135189825
AGTC,42858,46315,0.0035252858526621674,0.0035294010961070816,0.9988340108327576,-0.2105598783793461,-0.2105598783793461
TGTG,73261,79237,0.006026085371503174,0.006038198308371733,0.9979939484843078,-0.21910527104933783,-0.21910527104933783
TTCA,31972,34632,0.0026298576527442907,0.0026391065261876377,0.9964954527785933,-0.23434846608510704,-0.23434846608510704
GGTC,67236,72850,0.005530498847113573,0.005551481590227807,0.9962203345587654,-0.23714705981262899,-0.23714705981262899
ATCA,36539,39625,0.003005516350982849,0.003019594481987328,0.9953377411806589,-0.2461250922143574,-0.2461250922143574
CGGG,85674,93036,0.007047116994282947,0.007089741128736229,0.9939879138491365,-0.25985598326765974,-0.25985598326765974
CAGA,44513,48381,0.0036614179186978176,0.0036868391326947366,0.9931048757263411,-0.26883853975978705,-0.26883853975978705
TTGA,50060,54412,0.004117686541235431,0.004146427128173994,0.993068589884704,-0.2692076513688504,-0.2692076513688504
ATGA,56709,61653,0.004664600201097085,0.004698222299002265,0.9928436553731568,-0.27149575978098334,-0.27149575978098334
ATTC,29020,31589,0.0023870408195495844,0.0024072169108264405,0.9916184988622694,-0.28395845792124574,-0.28395845792124574
TACT,25628,27956,0.0021080317754450986,0.002130366771947956,0.9895158914432209,-0.30534687755433987,-0.30534687755433987
TTTC,26389,28805,0.002170627849314059,0.002195064203246561,0.9888675903436627,-0.31194161123611475,-0.31194161123611475
CATA,33090,36172,0.0027218187704650502,0.0027564611129954736,0.9874323122618707,-0.3265417356461402,-0.3265417356461402
AATC,31446,34533,0.0025865915097021447,0.0026315623027499914,0.9829109905546025,-0.37253411876777554,-0.37253411876777554
TCTT,26345,28956,0.002167008628223081,0.002206571049095901,0.9820706335791771,-0.3810825084810252,-0.3810825084810252
TCCC,22102,24358,0.0018180005580180883,0.001856183782769649,0.9794291787774448,-0.40795226230643,-0.40795226230643
GATG,77748,85949,0.006395163667758136,0.006549681416588742,0.9764083565287236,-0.43868106755428615,-0.43868106755428615
TGTT,45366,50194,0.0037315814548479135,0.003824997487163961,0.975577491846848,-0.4471328985110673,-0.4471328985110673
TGAT,48365,53533,0.003978264274207983,0.00407944356856095,0.9751977708105277,-0.45099554676140413,-0.45099554676140413
ATAC,29731,32981,0.0024455241421787975,0.0025132932646163802,0.9730357283045014,-0.4729885598006171,-0.4729885598006171
AGTG,75279,83654,0.006192076011539393,0.006374792600534207,0.9713376417956715,-0.4902620586454873,-0.4902620586454873
ATGT,51828,57697,0.004263113425072911,0.004396758178604994,0.9696037971379889,-0.5078993012335001,-0.5078993012335001
TTCT,24223,27017,0.001992463465608187,0.0020588109557060355,0.9677738794259059,-0.5265138307769073,-0.5265138307769073
GTGA,74298,83371,0.006111383832215543,0.0063532267901013385,0.9619338383665762,-0.5859206642731819,-0.5859206642731819
GTGG,111037,124807,0.009133351188157382,0.009510827218003596,0.9603109150030958,-0.602429578688684,-0.602429578688684
TGGT,71525,81169,0.005883290648459133,0.0061854249718215635,0.9511538294072212,-0.6955784887355088,-0.6955784887355088
TTGT,44001,50169,0.0036193033460028006,0.0038230923802352623,0.9466952367444699,-0.740932771223067,-0.740932771223067
ATTG,49463,56411,0.004068580291432843,0.004298759478192736,0.9464545090443942,-0.7433815331839936,-0.7433815331839936
AATG,54646,62379,0.004494908084945093,0.004753546604211673,0.9455904105289671,-0.7521714297119213,-0.7521714297119213
GTTG,70592,80715,0.00580654671032544,0.006150828229996397,0.9440268030910111,-0.7680769628711098,-0.7680769628711098
ATGG,78227,89840,0.006434563824634919,0.0068461922589713965,0.9398748357092849,-0.8103121513607747,-0.8103121513607747
TATG,46297,53509,0.0038081608829320167,0.004077614665909399,0.9339187723572482,-0.870899202077216,-0.870899202077216
TGGA,72249,83580,0.0059428432864106805,0.006369153484025259,0.9330664273229049,-0.8795695382995473,-0.8795695382995473
TGGG,117030,135805,0.009626305551753546,0.010348921858076697,0.9301747258088345,-0.9089848846339482,-0.9089848846339482
TGAG,71011,82731,0.0058410115657145266,0.006304456052726654,0.9264893778089405,-0.9464734660979054,-0.9464734660979054
TGTA,46229,53886,0.0038025675412459597,0.004106343678394174,0.9260227197381079,-0.9512204666809502,-0.9512204666809502
TTGG,71788,83705,0.005904923719980206,0.006378679018668752,0.9257283056096746,-0.9542153447869609,-0.9542153447869609
GGTG,105592,123390,0.008685472578148855,0.009402845757284957,0.9237068013606083,-0.9747787560911398,-0.9747787560911398
TTTG,42539,49724,0.003499046499752577,0.003789181476904427,0.923430698972783,-0.9775873611017609,-0.9775873611017609
GATT,46885,54887,0.00385652683751145,0.004182624159819267,0.9220352319865364,-0.9917825138514259,-0.9917825138514259
GAGA,77828,91203,0.006401744069741732,0.006950058688724045,0.9211064764284779,-1.0012301232493388,-1.0012301232493388
GGAT,79224,93117,0.006516572084355489,0.007095913675185213,0.9183556033304474,-1.029212916254365,-1.029212916254365
GTAT,47507,55900,0.0039076894629339115,0.004259819092570136,0.9173369521136707,-1.0395749740911255,-1.0395749740911255
AAGT,51267,60336,0.004216968356162941,0.004597861265998421,0.9171586770892336,-1.0413884467338157,-1.0413884467338157
GGGA,131904,155694,0.010849766790553701,0.011864548726272179,0.9144694029979074,-1.068744634223977,-1.068744634223977
CCCC,15391,18178,0.0012659870866191473,0.0013852413499953478,0.9139108406079555,-1.0744265160052948,-1.0744265160052948
GATA,51280,60571,0.004218037671485275,0.004615769271128188,0.9138320014974017,-1.0752284935712193,-1.0752284935712193
GTTT,42527,50252,0.0034980594394550374,0.0038294173352385417,0.9134704142235092,-1.078906679179211,-1.078906679179211
TAAG,51503,61077,0.004236380542014551,0.004654328635365049,0.910202281339827,-1.1121512101837403,-1.1121512101837403
AGGT,79029,93734,0.006500532354520473,0.0071429317141854945,0.9100650285667369,-1.1135473908877849,-1.1135473908877849
GAGT,69730,82761,0.00573564287895219,0.0063067421810410924,0.9094462266420683,-1.1198420491842762,-1.1198420491842762
TAGA,48379,57516,0.0039794158445551125,0.004382965204441216,0.9079277746770176,-1.13528824590506,-1.13528824590506
TAGT,44875,53469,0.003691194237673591,0.004074566494823482,0.9059109091391822,-1.1558044707009718,-1.1558044707009718
GGTT,71355,85267,0.005869307294243991,0.0064977100995738425,0.9032885746363067,-1.1824797265084606,-1.1824797265084606
GGTA,79150,94644,0.006510485212520662,0.007212277606390125,0.9026947613264816,-1.1885201923316069,-1.1885201923316069
GTTA,47407,56794,0.0038994639604544162,0.004327945716340399,0.9009965041224464,-1.205795427544688,-1.205795427544688
AGGA,83483,100493,0.006866896234957201,0.007657996423428457,0.8966961924856733,-1.2495396229694358,-1.2495396229694358
TAGG,78039,94177,0.0064190998799734675,0.007176690208962035,0.8944373650067114,-1.272517164835366,-1.272517164835366
GTAG,71446,86246,0.005876792501500331,0.006572314086901681,0.894174019043385,-1.2751960072675192,-1.2751960072675192
AGAT,49891,60265,0.004103785442045083,0.004592450762320917,0.8935937812801125,-1.2810983781311478,-1.2810983781311478
AAGG,86074,104092,0.0070800190042009286,0.007932255616883911,0.8925606216132287,-1.291608020731619,-1.291608020731619
GTAA,51295,62066,0.0042192714968572,0.004729694665464366,0.8920811585715644,-1.29648527772252,-1.29648527772252
TTAG,46729,56598,0.003843695053643437,0.004313009678019402,0.8911862807153539,-1.3055882719075482,-1.3055882719075482
GAAT,50752,61532,0.00417460701839354,0.004689001581467364,0.8902976349790757,-1.3146278709028187,-1.3146278709028187
ATAG,50185,60901,0.0041279684193348005,0.0046409166825870105,0.8894726412183133,-1.32301998090396,-1.32301998090396
TTAT,22919,27893,0.0018852029132755662,0.0021255659024876352,0.8869181195789966,-1.3490054217849075,-1.3490054217849075
GGAG,112136,136547,0.009223749460407037,0.010405465431720473,0.8864331462088143,-1.3539387316640425,-1.3539387316640425
AGTT,44947,54758,0.003697116599458828,0.004172793808067183,0.8860051010215896,-1.3582929491957356,-1.3582929491957356
TTAA,28573,34813,0.00235027282346624,0.002652899500351416,0.8859260681209038,-1.3590968980591205,-1.3590968980591205
GGAA,80388,98485,0.006612316933216816,0.007504978234915382,0.881057442972234,-1.4086221669098844,-1.4086221669098844
GAGG,113545,139329,0.009339646790343128,0.010617465730746055,0.8796493463875641,-1.4229457921211357,-1.4229457921211357
AGGG,126510,155735,0.010406083186809715,0.011867673101635244,0.8768427557526727,-1.4514953623802078,-1.4514953623802078
ATTT,24434,30151,0.0020098192758399224,0.0022976351602876956,0.8747338613969788,-1.4729477348168354,-1.4729477348168354
TAAT,27734,34270,0.002281260857663273,0.002611520577860082,0.8735373854616806,-1.4851186846352467,-1.4851186846352467
TGAA,48969,60536,0.004027946309184135,0.00461310212142801,0.8731535099719976,-1.4890235933622953,-1.4890235933622953
AATT,28818,35645,0.0023704253045410037,0.0027163014589385065,0.8726665064146943,-1.4939775549777858,-1.4939775549777858
AAAG,52911,65470,0.004352195616925847,0.004989094024875971,0.8723418711344175,-1.4972798526579727,-1.4972798526579727
ATAT,27562,34108,0.002267112993398541,0.0025991754849621147,0.8722431426870687,-1.4982841511506395,-1.4982841511506395
GGGT,111676,138239,0.009185912149001357,0.010534403068654795,0.8719917103166591,-1.5008418045665577,-1.5008418045665577
GAAA,51195,63508,0.004211045994377704,0.0048395812331117035,0.8701261104093773,-1.5198193052273627,-1.5198193052273627
ATAA,32255,40111,0.002653135824761263,0.0030566297606812298,0.8679938469780388,-1.5415093956477643,-1.5415093956477643
AGTA,48246,60002,0.003968475926257383,0.0045724090374310074,0.8679179604821746,-1.5422813382383422,-1.5422813382383422
ATTA,28018,34853,0.00230462128470504,0.0026559476714373338,0.8677208928057817,-1.5442859759660634,-1.5442859759660634
AGAG,73341,91651,0.006032665773486771,0.0069841982048863245,0.8637592457307645,-1.5845851632090322,-1.5845851632090322
TTTA,23420,29273,0.0019264126806978385,0.0022307278049517997,0.8635803419949138,-1.5864050313126237,-1.5864050313126237
TATT,23015,28799,0.0018930993956558818,0.0021946069775836737,0.862614315452619,-1.596231773516672,-1.596231773516672
AAAT,32723,41136,0.0026916311763653016,0.0031347391447578733,0.8586459836271967,-1.6365989602566042,-1.6365989602566042
GAAG,76506,96710,0.006293002926962802,0.007369715642977779,0.8539003717136738,-1.684872897703364,-1.684872897703364
AAGA,54778,69368,0.004505765748218027,0.0052861382971986625,0.8523737925293807,-1.7004017671922695,-1.7004017671922695
TAAA,30906,39349,0.002542173796312869,0.0029985621014944953,0.8477976144118674,-1.7469521679025708,-1.7469521679025708
GGGG,163084,209055,0.013414478463660388,0.01593088515916368,0.8420422550057856,-1.8054975915519669,-1.8054975915519669
TTTT,20054,25725,0.0016495422672380211,0.00196035502963089,0.8414507792237046,-1.8115142792680623,-1.8115142792680623
AATA,31314,40259,0.0025757338464292108,0.0030679079936991255,0.8395733678191318,-1.8306119303945534,-1.8306119303945534
AGAA,51547,66498,0.004239999763105529,0.005067432021784059,0.8367156668068689,-1.8596814123541758,-1.8596814123541758
TATA,24792,32234,0.002039266574716516,0.0024563686695868656,0.8301956461036847,-1.9260052241855241,-1.9260052241855241
AAAA,33914,44182,0.002789596910896093,0.0033668573729505147,0.8285462084933688,-1.942783850308707,-1.942783850308707
